Date,INFY.NS,INFY_Return,Excess_Market,Risk_Free_Rate,Excess_INFY,Combined,CPI_Shock,General Index,Monthly change IIP,InterestRate,Interest_Shock,USDINR,Monthly change in USD/INR exchange rate
2012-03-01,260.9986572265625,-0.0059478749362038,-0.0312235234427819,0.0071205442508248,-0.0130684191870285,96.4,0.0094240837696335,99.2,0.0,8.37,0.1799999999999997,50.86800003051758,0.0366837696248787
2012-04-01,224.19317626953125,-0.1410178939161434,-0.0154228811646846,0.0071028407632271,-0.1481207346793704,97.8,0.0145228215767634,99.3,0.001008064516129,8.59,0.2200000000000006,52.53799819946289,0.0328300339691636
2012-05-01,221.2110595703125,-0.0133015498011124,-0.0636630907082026,0.0068798164761834,-0.0201813662772958,98.6,0.0081799591002045,105.0,0.0574018126888218,8.56,-0.0299999999999993,56.22800064086914,0.0702349264887669
2012-06-01,229.45909118652344,0.0372858013167705,0.0489737482531845,0.0063366258787698,0.0309491754380007,99.8,0.0121703853955374,102.3,-0.0257142857142856,8.2,-0.3600000000000012,55.50299835205078,-0.0128939724079641
2012-07-01,203.648193359375,-0.1124858365544871,-0.0165822790241014,0.0069531401656495,-0.1194389767201366,101.1,0.0130260521042084,101.5,-0.0078201368523949,8.1,-0.0999999999999996,55.42300033569336,-0.0014413278333181
2012-08-01,215.96612548828125,0.0604863314803336,-0.0030113749181498,0.0067373400505417,0.0537489914297919,102.2,0.0108803165182989,99.9,-0.0157635467980294,8.2,0.0999999999999996,55.62799835205078,0.0036987895840312
2012-09-01,231.8139038085937,0.0733808521335555,0.0657472405126882,0.0060252758226255,0.0673555763109299,102.9,0.0068493150684931,99.0,-0.009009009009009,8.18,-0.0199999999999995,52.84799957275391,-0.0499748123544405
2012-10-01,216.08956909179688,-0.0678317152614809,-0.0156520367491009,0.0070625621066644,-0.0748942773681452,103.6,0.0068027210884351,103.7,0.0474747474747474,8.15,-0.0299999999999993,53.95800018310547,0.0210036447798456
2012-11-01,224.26226806640625,0.0378208860749662,0.0225705947427555,0.006466231552314,0.0313546545226521,104.3,0.0067567567567567,98.3,-0.0520732883317262,8.2,0.0499999999999989,54.8380012512207,0.0163090007993063
2012-12-01,213.3889923095703,-0.0484846418908786,0.007112578984646,0.0066926430544445,-0.0551772849453231,104.6,0.0028763183125599,107.1,0.0895218718209562,8.14,-0.0599999999999987,54.75299835205078,-0.001550072891616
2013-01-01,256.7164611816406,0.2030445357238191,0.0124360907351162,0.0065819547671712,0.1964625809566479,104.6,0.0,107.2,0.0009337068160597,7.87,-0.2700000000000004,53.303001403808594,-0.0264825122255223
2013-02-01,267.5299072265625,0.0421221373773565,-0.0654156418074042,0.0059050863657232,0.0362170510116333,105.3,0.0066921606118546,101.4,-0.0541044776119402,7.84,-0.0300000000000002,53.858001708984375,0.0104121773738641
2013-03-01,265.9056396484375,-0.0060713495360705,-0.0242734454143332,0.0059774271512464,-0.0120487766873169,105.5,0.0018993352326686,115.2,0.136094674556213,7.91,0.0700000000000002,54.27799987792969,0.0077982501321665
2013-04-01,205.7274627685547,-0.2263140298921314,0.0241191631106572,0.0068430814299687,-0.2331571113221001,106.1,0.005687203791469,102.6,-0.1093750000000001,7.83,-0.08,54.22800064086914,-0.0009211694825342
2013-05-01,221.9477081298828,0.0788433646293302,-0.000337378998241,0.0060820634505267,0.0727613011788035,106.9,0.0075400565504242,106.0,0.0331384015594542,7.5,-0.33,56.37799835205078,0.0396473719438825
2013-06-01,232.6381683349609,0.0481665717350958,-0.0385665989727726,0.0054917419804516,0.0426748297546442,109.3,0.0224508886810101,101.3,-0.0443396226415094,7.4,-0.0999999999999996,59.5260009765625,0.0558374315606968
2013-07-01,276.46875,0.1884066659342427,-0.007020195435236,0.0071663657642446,0.1812403001699981,111.0,0.0155535224153706,104.7,0.033563672260612,7.72,0.3199999999999994,60.80799865722656,0.0215367681287514
2013-08-01,289.1487731933594,0.0458642186263704,-0.0287338875559234,0.0087591903455919,0.0371050282807784,112.4,0.0126126126126127,104.3,-0.0038204393505253,8.33,0.6100000000000003,65.697998046875,0.0804170421265344
2013-09-01,280.5045166015625,-0.029895532657219,0.0391049028004318,0.0087507450728379,-0.0386462777300569,113.7,0.0115658362989323,105.7,0.0134228187919462,8.6,0.2699999999999996,62.90999984741211,-0.0424365777093188
2013-10-01,308.1454467773437,0.0985400538667378,0.0639769932440384,0.0073819186044117,0.091158135262326,114.8,0.009674582233949,105.7,0.0,8.57,-0.0299999999999993,61.31999969482422,-0.0252742037266638
2013-11-01,314.1752014160156,0.0195678849119222,-0.0095503545811862,0.0067104877616423,0.0128573971502799,116.3,0.0130662020905922,101.9,-0.0359508041627246,8.86,0.2899999999999991,62.391998291015625,0.0174820385115215
2013-12-01,326.4535522460937,0.0390812221166356,0.0324969827687027,0.0073571140655779,0.0317241080510577,114.5,-0.0154772141014617,110.9,0.0883218842001962,8.88,0.0200000000000013,61.77999877929688,-0.0098089423080214
2014-01-01,346.63189697265625,0.06181076783429,-0.0381697081772747,0.007128447154308,0.054682320679982,113.6,-0.0078602620087336,112.3,0.0126239855725878,8.76,-0.120000000000001,62.310001373291016,0.0085788702568208
2014-02-01,358.2218933105469,0.0334360352844413,0.015795163228678,0.0066559430731794,0.0267800922112619,113.6,0.0,106.7,-0.0498664292074799,8.81,0.0500000000000007,62.02000045776367,-0.0046541632023081
2014-03-01,307.455322265625,-0.1417182254712492,0.0529068688143399,0.0074573922927287,-0.1491756177639779,114.2,0.0052816901408452,118.5,0.1105904404873476,8.84,0.0299999999999993,59.84000015258789,-0.0351499562896712
2014-04-01,297.9024353027344,-0.0310708134518401,0.0001312060446978,0.0070155325494638,-0.0380863460013039,115.1,0.0078809106830122,106.6,-0.10042194092827,8.99,0.1500000000000003,60.417999267578125,0.0096590760948591
2014-05-01,275.29376220703125,-0.0758928777226266,0.0995084195170133,0.0069380479123144,-0.0828309256349409,115.8,0.0060816681146829,111.0,0.0412757973733584,8.75,-0.2400000000000002,58.900001525878906,-0.0251249256860747
2014-06-01,309.0916748046875,0.1227703538456457,0.0692920385175368,0.0069999312222854,0.1157704226233603,116.7,0.0077720207253886,109.7,-0.0117117117117117,8.63,-0.1199999999999992,60.03799819946289,0.0193208258761077
2014-07-01,319.7347717285156,0.0344334635688696,-0.0023356355344186,0.0070063263052095,0.0274271372636601,119.2,0.0214224507283633,110.4,0.0063810391978122,8.66,0.0299999999999993,60.25,0.0035311270677742
2014-08-01,341.68084716796875,0.0686383758663802,0.0245223547140325,0.0063758973488796,0.0622624785175006,120.3,0.0092281879194631,108.0,-0.0217391304347827,8.56,-0.0999999999999996,60.51300048828125,0.0043651533324688
2014-09-01,355.8225402832031,0.0413886035241606,0.0139562192200289,0.0074721838278011,0.0339164196963595,120.1,-0.0016625103906899,110.2,0.0203703703703703,8.49,-0.0700000000000002,61.553001403808594,0.0171864046921412
2014-10-01,384.6377258300781,0.0809819004831471,0.0113652736122093,0.0069340264485546,0.0740478740345925,120.1,0.0,106.0,-0.0381125226860253,8.4,-0.0899999999999998,61.43299865722656,-0.0019495839982647
2014-11-01,417.1308288574219,0.0844771608328878,0.0102532482154034,0.0061485763748128,0.078328584458075,120.1,0.0,109.4,0.0320754716981133,8.19,-0.2100000000000008,61.85300064086914,0.006836748861732
2014-12-01,377.4494018554688,-0.0951294516174838,-0.0301461918045463,0.0072190340289564,-0.1023484856464402,119.4,-0.0058284762697751,115.3,0.0539305301645336,7.96,-0.2299999999999995,63.37799835205078,0.0246551936911854
2015-01-01,409.8547668457031,0.0858535338271455,0.0501309193521639,0.0065821498621807,0.0792713839649648,119.5,0.0008375209380233,114.3,-0.0086730268863833,7.79,-0.1699999999999999,62.01300048828125,-0.0215374088684099
2015-02-01,433.5535888671875,0.0578224872285215,0.0051626167143199,0.0063451465347998,0.0514773406937217,119.7,0.001673640167364,109.9,-0.0384951881014872,7.73,-0.0599999999999996,61.75400161743164,-0.0041765253867783
2015-03-01,424.4835815429688,-0.0209201527956839,-0.0245306582434827,0.0067862470740509,-0.0277063998697348,120.2,0.0041771094402673,121.3,0.1037306642402182,7.82,0.0899999999999998,62.50899887084961,0.0122258838883868
2015-04-01,371.6514892578125,-0.1244620394812804,-0.0362352857091154,0.0063012577596086,-0.130763297240889,120.7,0.0041597337770382,107.3,-0.1154163231657048,7.84,0.0199999999999995,63.44200134277344,0.0149258904922076
2015-05-01,387.1318054199219,0.0416527758116174,0.0305645485830656,0.0060845516815191,0.0355682241300983,121.6,0.0074565037282516,113.0,0.0531220876048461,7.85,0.0099999999999997,63.82500076293945,0.0060370009151617
2015-06-01,376.71282958984375,-0.0269132519834599,-0.0168674784891738,0.0065292371975684,-0.0334424891810283,123.0,0.0115131578947369,110.8,-0.0194690265486725,7.81,-0.04,63.7239990234375,-0.0015824792525596
2015-07-01,418.4391479492188,0.1107642614795088,0.0260942844993932,0.0061770512036554,0.1045872102758534,123.6,0.0048780487804878,111.8,0.0090252707581226,7.82,0.0100000000000006,64.11799621582031,0.0061828698515593
2015-08-01,425.17974853515625,0.0161089148063064,-0.0614933359711837,0.006081009143104,0.0100279056632024,124.8,0.0097087378640776,112.0,0.001788908765653,7.79,-0.0300000000000002,66.14299774169922,0.0315824206212367
2015-09-01,451.42327880859375,0.0617233778510208,-0.0098368305182919,0.0059069613060389,0.0558164165449819,125.4,0.0048076923076922,112.6,0.0053571428571428,7.73,-0.0599999999999996,65.91999816894531,-0.0033714766546378
2015-10-01,441.1278076171875,-0.0228066909145188,0.0181403528731425,0.0056284123796244,-0.0284351032941432,126.1,0.0055821371610844,115.5,0.0257548845470694,7.6,-0.1300000000000007,65.44400024414062,-0.0072208425064691
2015-11-01,426.54150390625,-0.0330659356745779,-0.0147858538669712,0.0058600825562884,-0.0389260182308663,126.6,0.0039651070578905,110.3,-0.045021645021645,7.75,0.1500000000000003,66.9000015258789,0.0222480483513634
2015-12-01,433.4028930664063,0.0160860997049994,0.0117866175183328,0.0059134778212908,0.0101726218837085,126.1,-0.0039494470774091,118.9,0.0779691749773345,7.79,0.04,66.45500183105469,-0.0066517142701719
2016-01-01,456.7314147949219,0.0538264097949645,-0.0604871642106595,0.0055750708071153,0.0482513389878492,126.3,0.0015860428231562,118.9,0.0,7.67,-0.1200000000000001,68.09300231933594,0.0246482648882542
2016-02-01,425.0319213867188,-0.0694051085197118,-0.0876986899076557,0.006034074588699,-0.0754391831084108,126.0,-0.002375296912114,117.8,-0.0092514718250631,7.72,0.0499999999999998,68.7300033569336,0.0093548678410493
2016-03-01,477.6684265136719,0.1238412986846257,0.0995502672451739,0.0059742866195895,0.1178670120650362,126.0,0.0,127.6,0.0831918505942275,7.58,-0.1399999999999996,66.36799621582031,-0.0343664633456619
2016-04-01,473.6690979003906,-0.0083726040728102,0.0184669329617289,0.0053229901774145,-0.0136955942502247,127.3,0.0103174603174602,113.7,-0.1089341692789968,7.44,-0.1399999999999996,66.41799926757812,0.0007534211458668
2016-05-01,489.56787109375,0.0335651476185232,0.0067521714523832,0.0058192519538187,0.0277458956647045,128.6,0.0102120974076982,121.3,0.0668425681618294,7.28,-0.1600000000000001,67.13300323486328,0.0107652138753024
2016-06-01,459.0446472167969,-0.0623472774239878,0.0318193072522708,0.0054189324265694,-0.0677662098505572,130.1,0.0116640746500777,119.7,-0.0131904369332234,7.5,0.2199999999999997,67.41600036621094,0.0042154695561227
2016-07-01,425.93505859375,-0.0721271641523138,0.0417750294878163,0.0050932137446002,-0.077220377896914,131.1,0.0076863950807071,116.8,-0.0242272347535505,7.35,-0.1500000000000003,66.64800262451172,-0.0113919208723058
2016-08-01,410.8626403808594,-0.0353866579160051,0.0060494375891067,0.0057600096104848,-0.0411466675264899,131.1,0.0,116.5,-0.0025684931506848,7.14,-0.2099999999999999,67.12660217285156,0.0071810036234127
2016-09-01,410.9420166015625,0.0001931940578232,-0.0097048732004364,0.0052178521182997,-0.0050246580604765,130.9,-0.001525553012967,118.2,0.0145922746781115,6.86,-0.2799999999999993,66.81629943847656,-0.0046226492080735
2016-10-01,395.6513977050781,-0.0372087016629154,0.0254112866843188,0.0051033025300208,-0.0423120041929362,131.4,0.0038197097020626,120.3,0.0177664974619289,6.78,-0.08,66.78140258789062,-0.0005222805045955
2016-11-01,391.0950927734375,-0.0115159581340261,-0.0568906641910881,0.0050788777457524,-0.0165948358797785,131.2,-0.0015220700152208,115.9,-0.0365752285951787,6.61,-0.1699999999999999,68.60800170898438,0.0273519131121837
2016-12-01,405.1464538574219,0.0359282469752806,-0.0134392455855441,0.0048675786090846,0.031060668366196,130.4,-0.0060975609756096,121.7,0.0500431406384813,6.53,-0.08,67.9448013305664,-0.0096665164688963
2017-01-01,372.27294921875,-0.0811398059286497,0.0488428966515413,0.0053246581058026,-0.0864644640344522,130.3,-0.0007668711656441,123.1,0.0115036976170912,6.79,0.2599999999999998,67.82099914550781,-0.0018220994488786
2017-02-01,405.8680725097656,0.0902432566253286,0.0378413899483321,0.0045950184722884,0.0856482381530402,130.6,0.0023023791250957,119.2,-0.0316815597075548,6.98,0.1900000000000004,66.69319915771484,-0.0166290677224218
2017-03-01,409.8169250488281,0.0097293992962885,0.0269672227885939,0.0049181205355564,0.0048112787607321,130.9,0.0022970903522205,133.2,0.1174496644295299,7.12,0.1399999999999996,64.79000091552734,-0.0285366164200168
2017-04-01,368.404296875,-0.1010515321418069,0.0192250047291342,0.0044545828475592,-0.1055061149893661,131.1,0.001527883880825,117.3,-0.1193693693693692,7.16,0.04,64.25830078125,-0.008206515307363
2017-05-01,391.6963806152344,0.0632242455851088,-0.0033064362976147,0.0054942918117124,0.0577299537733963,131.4,0.0022883295194509,124.8,0.0639386189258313,7.11,-0.0499999999999998,64.61859893798828,0.0056070290119376
2017-06-01,375.0591430664063,-0.0424748309460917,-0.005322764031054,0.005017610212217,-0.0474924411583087,132.0,0.004566210045662,119.3,-0.0440705128205127,6.58,-0.5300000000000002,64.78510284423828,0.0025767179881102
2017-07-01,411.6007690429688,0.0974289699427286,0.0401272319109448,0.0051314897054102,0.0922974802373183,134.2,0.0166666666666666,118.0,-0.0108968985750209,6.55,-0.0300000000000002,64.12349700927734,-0.0102123143425676
2017-08-01,372.4229736328125,-0.0951839703828794,-0.0021927433166412,0.0050693598402102,-0.1002533302230896,135.4,0.0089418777943368,122.1,0.0347457627118643,6.6,0.0499999999999998,63.976200103759766,-0.0022970816063925
2017-09-01,366.2969970703125,-0.0164489760197765,-0.0145841441903632,0.004710945922435,-0.0211599219422115,135.2,-0.0014771048744461,123.1,0.0081900081900081,6.72,0.1200000000000001,65.36000061035156,0.02162992650935
2017-10-01,375.23150634765625,0.0243914346795168,0.0814247274910651,0.0051938975438912,0.0191975371356256,136.1,0.0066568047337278,122.5,-0.0048740861088545,6.94,0.2200000000000006,64.84239959716797,-0.0079192320738995
2017-11-01,402.86083984375,0.0736327654493247,0.000622274337374,0.0048826166615538,0.0687501487877709,137.6,0.0110213078618661,125.8,0.0269387755102039,7.17,0.2299999999999995,64.41480255126953,-0.0065944050274955
2017-12-01,430.080078125,0.0675648650581353,0.04468225591307,0.0047591918113194,0.0628056732468159,137.2,-0.002906976744186,130.6,0.0381558028616852,7.35,0.1799999999999997,63.84080123901367,-0.008911015628729
2018-01-01,474.7369079589844,0.1038337558639606,-0.0054198157576351,0.0055468046088786,0.098286951255082,136.9,-0.0021865889212826,132.3,0.0130168453292498,7.22,-0.1299999999999999,63.769901275634766,-0.001110574460265
2018-02-01,483.9613952636719,0.0194307355295924,-0.0350501382770995,0.0047502946289512,0.0146804409006412,136.4,-0.0036523009495982,127.4,-0.037037037037037,7.57,0.3500000000000005,64.91000366210938,0.0178783777874567
2018-03-01,467.1222229003906,-0.0347944537065956,-0.0526795304605604,0.0046667802503919,-0.0394612339569874,136.5,0.000733137829912,140.3,0.1012558869701727,7.61,0.04,65.0698013305664,0.0024618342234097
2018-04-01,495.0635986328125,0.0598159846879733,0.0651239927040439,0.0053817289871642,0.0544342557008091,137.1,0.0043956043956043,122.6,-0.1261582323592303,7.55,-0.0600000000000005,66.61000061035156,0.0236699551603156
2018-05-01,508.3947143554688,0.0269280871376365,-0.0411056462234618,0.0051989890988481,0.0217290980387884,137.8,0.0051057622173598,129.6,0.0570962479608483,7.85,0.2999999999999998,67.43000030517578,0.0123104591999776
2018-06-01,539.5140991210938,0.0612110706246766,-0.0292136773613944,0.0050022328326155,0.0562088377920611,138.5,0.0050798258345428,127.7,-0.0146604938271603,7.94,0.0900000000000007,68.79669952392578,0.020268414838567
2018-07-01,572.619140625,0.0613608459127141,0.046775460832396,0.0055688608141386,0.0557919850985755,139.8,0.0093862815884477,125.7,-0.0156617071260767,7.8,-0.1400000000000005,68.68499755859375,-0.001623652967439
2018-08-01,604.4988403320312,0.0556734790112591,0.0434034619734257,0.0055607947796487,0.0501126842316104,140.4,0.004291845493562,128.0,0.0182975338106603,7.82,0.0200000000000004,71.40499877929688,0.039601096562357
2018-09-01,612.4688110351562,0.0131844267869023,-0.0806047248143229,0.0051598238157566,0.0080246029711456,140.2,-0.0014245014245015,128.8,0.00625,8.02,0.1999999999999993,72.51000213623047,0.0154751540623787
2018-10-01,575.84912109375,-0.0597902934510476,-0.0586703736293538,0.0061472147542698,-0.0659375082053174,140.7,0.0035663338088445,132.8,0.0310559006211179,7.92,-0.0999999999999996,73.6500015258789,0.0157219605028644
2018-11-01,566.0489501953125,-0.0170186434943642,0.0226921718840269,0.0054852146092496,-0.0225038581036138,140.8,0.0007107320540158,126.1,-0.0504518072289157,7.78,-0.1399999999999996,69.91999816894531,-0.0506449868249215
2018-12-01,558.8403930664062,-0.0127348652911006,-0.0039896542071574,0.0055073089190775,-0.0182421742101781,140.1,-0.004971590909091,133.9,0.0618556701030927,7.37,-0.4100000000000001,69.92250061035156,3.579006681619923e-05
2019-01-01,635.6760864257812,0.1374913021905428,-0.0246160640248944,0.0054666354849692,0.1320246667055736,139.6,-0.0035688793718772,134.4,0.0037341299477222,7.35,-0.0200000000000004,71.12000274658203,0.0171261343026565
2019-02-01,626.1661987304688,-0.0149602728471095,-0.0073346562954392,0.0048209350768535,-0.019781207923963,139.9,0.0021489971346706,127.6,-0.0505952380952381,7.43,0.08,71.19000244140625,0.0009842476394952
2019-03-01,634.309814453125,0.0130055179266577,0.0553264427611593,0.0049101891678393,0.0080953287588184,140.4,0.0035739814152966,144.1,0.1293103448275863,7.41,-0.0199999999999995,69.43000030517578,-0.0247226025547485
2019-04-01,640.7054443359375,0.0100828171614,0.0038757516325278,0.0053696718342963,0.0047131453271037,141.2,0.0056980056980056,126.5,-0.1221374045801526,7.42,0.0099999999999997,69.81179809570312,0.0054990319580754
2019-05-01,629.108154296875,-0.0181008139412371,-0.009683498043322,0.0052814636233498,-0.0233822775645868,142.0,0.0056657223796034,135.4,0.0703557312252964,7.33,-0.0899999999999998,69.9800033569336,0.0024094102403704
2019-06-01,624.2049560546875,-0.0077938875989734,-0.0239414687288391,0.0045017713832273,-0.0122956589822007,142.9,0.0063380281690141,129.3,-0.0450516986706055,6.97,-0.3600000000000003,69.32499694824219,-0.0093599082205032
2019-07-01,686.3365478515625,0.099537165147775,-0.0674825239730533,0.0051574711354103,0.0943796940123646,144.2,0.0090972708187542,131.8,0.0193348801237431,6.6,-0.3700000000000001,69.07749938964844,-0.0035701055822409
2019-08-01,704.7131958007812,0.0267749808847324,0.0004617091403829,0.0044082765406623,0.0223667043440701,145.0,0.0055478502080443,126.2,-0.0424886191198786,6.62,0.0200000000000004,71.6801986694336,0.0376779603022976
2019-09-01,696.7139892578125,-0.0113510100146189,0.0422301611053544,0.0044337848584374,-0.0157847948730563,145.8,0.0055172413793105,122.9,-0.0261489698890649,6.81,0.1899999999999995,70.49870300292969,-0.0164828737703781
2019-10-01,592.8965454101562,-0.1490101324910235,0.0404057920457973,0.0043036289632507,-0.1533137614542742,147.2,0.0096021947873798,124.0,0.0089503661513425,6.54,-0.2699999999999996,70.98999786376953,0.0069688496371262
2019-11-01,616.1929931640625,0.0392926016085828,-0.0184222861138094,0.0039055338625042,0.0353870677460785,148.6,0.0095108695652175,128.8,0.0387096774193549,6.63,0.0899999999999998,71.72200012207031,0.0103113435741397
2019-12-01,646.9871215820312,0.0499748110731432,-0.0028659458707414,0.0042672589180961,0.0457075521550471,150.4,0.0121130551816959,134.5,0.0442546583850931,6.85,0.2199999999999997,71.31099700927734,-0.005730502664363
2020-01-01,686.630126953125,0.0612732526640678,0.0090236392142588,0.0042019084749509,0.0570713441891169,150.2,-0.0013297872340426,137.4,0.0215613382899628,6.82,-0.0299999999999993,71.63999938964844,0.0046136275493147
2020-02-01,647.4739990234375,-0.0570265218385336,-0.0632532930833221,0.0038184257328353,-0.0608449475713689,149.1,-0.0073235685752329,134.2,-0.0232896652110626,6.66,-0.1600000000000001,72.1500015258789,0.0071189578528132
2020-03-01,567.65673828125,-0.1232748509786849,-0.188519087488325,0.0042506441592598,-0.1275254951379447,148.6,-0.0033534540576793,117.2,-0.126676602086438,6.7,0.04,75.4000015258789,0.0450450440924008
2020-04-01,633.138671875,0.1153548071886121,0.138848515285326,0.0033253971527351,0.112029410035877,151.4,0.018842530282638,54.0,-0.5392491467576792,6.77,0.0699999999999994,75.25849914550781,-0.0018766893568632
2020-05-01,611.4589233398438,-0.0342417064352632,0.0047710356137855,0.0027037464767021,-0.0369454529119653,150.9,-0.0033025099075296,90.2,0.6703703703703705,5.92,-0.8499999999999996,75.51319885253906,0.0033843314698425
2020-06-01,660.0994873046875,0.0795483753825434,0.0774826048295392,0.0028454142386253,0.0767029611439181,151.8,0.0059642147117295,107.9,0.1962305986696231,5.86,-0.0599999999999996,75.69999694824219,0.0024737145100672
2020-07-01,866.439453125,0.3125891926728168,0.0710402471492599,0.002680004283091,0.3099091883897258,153.9,0.0138339920948615,117.9,0.092678405931418,5.81,-0.0500000000000007,74.98999786376953,-0.0093791164213401
2020-08-01,832.8939819335938,-0.0387164631878399,0.0314439535849817,0.0027133853865306,-0.0414298485743705,154.7,0.0051981806367771,117.2,-0.0059372349448685,6.01,0.2000000000000001,73.12830352783203,-0.0248259019732144
2020-09-01,904.3348388671876,0.0857742503646639,0.0222949329006461,0.0026483947262994,0.0831258556383645,156.4,0.0109890109890111,124.1,0.0588737201365185,6.02,0.0099999999999997,73.84500122070312,0.0098005513364374
2020-10-01,951.2894287109376,0.0519216863330926,0.0042136351491795,0.0026405836827296,0.049281102650363,158.4,0.0127877237851663,129.6,0.0443190975020144,5.94,-0.0799999999999991,74.26399993896484,0.0056740295393786
2020-11-01,997.2276611328124,0.0482904897662157,0.0702837807248751,0.0023462807507794,0.0459442090154363,158.9,0.0031565656565657,126.7,-0.0223765432098764,5.9,-0.04,73.94090270996094,-0.0043506575092837
2020-12-01,1138.4713134765625,0.1416363162081793,0.0804916674162595,0.0028213202118609,0.1388149959963183,157.3,-0.0100692259282567,137.4,0.0844514601420678,5.89,-0.0100000000000006,73.13400268554688,-0.0109127694529128
2021-01-01,1123.2862548828125,-0.013338112619965,-0.0078548712568972,0.0025002724438383,-0.0158383850638033,156.3,-0.0063572790845518,136.6,-0.0058224163027656,5.94,0.0500000000000007,72.90660095214844,-0.0031093844866688
2021-02-01,1136.2047119140625,0.011500592102053,0.0620026037544046,0.002489189325525,0.009011402776528,156.6,0.0019193857965449,129.9,-0.04904831625183,6.19,0.25,73.59590148925781,0.0094545696563441
2021-03-01,1240.23388671875,0.0915584786032428,0.0298008273178096,0.0028979918506042,0.0886604867526386,156.8,0.0012771392081738,145.6,0.1208622016936102,6.35,0.1599999999999992,73.44529724121094,-0.0020463673248007
2021-04-01,1227.8138427734375,-0.0100142755961715,0.0145744632005391,0.0027000609337965,-0.012714336529968,157.8,0.0063775510204082,126.1,-0.1339285714285714,6.28,-0.0699999999999994,74.10579681396484,0.0089930818931085
2021-05-01,1263.53271484375,0.0290914394560246,0.0743831967560725,0.0028083044997264,0.0262831349562982,160.4,0.0164765525982255,115.1,-0.0872323552735924,6.23,-0.0499999999999998,72.39350128173828,-0.0231060943386804
2021-06-01,1448.5714111328125,0.1464455127400041,0.0309887783532653,0.0027783930154166,0.1436671197245875,161.3,0.0056109725685786,122.8,0.0668983492615118,6.27,0.0399999999999991,74.28759765625,0.0261639006399254
2021-07-01,1475.7869873046875,0.0187878733231328,0.0175107471350826,0.0027755769106949,0.0160122964124379,162.5,0.0074395536267823,131.5,0.0708469055374592,6.21,-0.0599999999999996,74.25199890136719,-0.000479201858802
2021-08-01,1563.7110595703125,0.0595777527664787,0.0565691619935831,0.0028981422132603,0.0566796105532184,162.9,0.0024615384615385,132.4,0.0068441064638784,6.28,0.0700000000000002,73.41120147705078,-0.0113235661902285
2021-09-01,1535.074951171875,-0.0183129154348414,0.0417868820992113,0.0026783476395397,-0.0209912630743811,163.2,0.0018416206261508,129.5,-0.0219033232628399,6.19,-0.0899999999999998,74.3219985961914,0.0124067867139505
2021-10-01,1528.2484130859375,-0.0044470389414706,-0.011414027975939,0.0026969634872962,-0.0071440024287668,165.5,0.014093137254902,135.0,0.0424710424710423,6.36,0.1699999999999999,74.79720306396484,0.0063938601860713
2021-11-01,1583.30126953125,0.0360234998275876,-0.0095042712403288,0.0030726726506564,0.0329508271769312,166.7,0.0072507552870089,128.0,-0.0518518518518518,6.35,-0.0100000000000006,75.05490112304688,0.0034452900446244
2021-12-01,1745.176513671875,0.1022390667245214,0.0382312357835435,0.0029796727850839,0.0992593939394375,166.2,-0.002999400119976,138.8,0.084375,6.44,0.0900000000000007,74.43119812011719,-0.0083099570260865
2022-01-01,1605.0723876953125,-0.0802807766887611,-0.015480413373386,0.0030303333255303,-0.0833111100142914,165.7,-0.0030084235860409,139.3,0.0036023054755043,6.64,0.1999999999999993,75.03900146484375,0.0081659755596799
2022-02-01,1586.0283203125,-0.0118649274193529,-0.0434357258767215,0.0028536075972194,-0.0147185350165723,166.1,0.0024140012070006,131.4,-0.0567121320890166,6.75,0.1100000000000003,75.06800079345703,0.0003864567497857
2022-03-01,1762.8341064453125,0.1114770675078336,0.0470826488018613,0.0031509481784788,0.1083261193293547,167.7,0.0096327513546057,148.8,0.1324200913242008,6.82,0.0700000000000002,75.82779693603516,0.0101214383565193
2022-04-01,1449.159912109375,-0.1779374435683284,0.013951084342089,0.0030598145461111,-0.1809972581144395,170.1,0.0143112701252237,134.5,-0.0961021505376344,7.11,0.29,76.58899688720703,0.0100385344415845
2022-05-01,1390.0396728515625,-0.0407962149406672,-0.0654970210013187,0.0039284837858015,-0.0447246987264687,171.7,0.0094062316284537,137.8,0.0245353159851302,7.39,0.2799999999999993,77.5208969116211,0.0121675444553279
2022-06-01,1365.8021240234375,-0.017436587819399,-0.0494583761400746,0.0040344207358802,-0.0214710085552792,172.6,0.0052417006406524,138.3,0.0036284470246734,7.53,0.1400000000000005,78.89830017089844,0.0177681543190564
2022-07-01,1447.83056640625,0.0600588042293928,0.0828126030814409,0.0040811974221708,0.055977606807222,173.4,0.0046349942062573,134.4,-0.0281995661605206,7.4,-0.1299999999999999,79.57150268554688,0.0085325350887184
2022-08-01,1394.81103515625,-0.0366199833600716,0.0491166302495214,0.0047723275404301,-0.0413923109005017,174.3,0.005190311418685,131.5,-0.021577380952381,7.27,-0.1300000000000007,79.68229675292969,0.0013923837510101
2022-09-01,1320.53662109375,-0.0532505208163768,-0.035478387249411,0.0047487580734539,-0.0579992788898307,175.3,0.0057372346528972,133.8,0.0174904942965781,7.28,0.0100000000000006,81.48059844970703,0.0225683968718086
2022-10-01,1436.57275390625,0.0878704391525255,0.0191413059612093,0.0051673151969127,0.0827031239556128,176.7,0.0079863091842553,129.5,-0.032137518684604,7.46,0.1799999999999997,82.23919677734375,0.0093101712808965
2022-11-01,1544.1697998046875,0.0748984314270653,0.0233624002391211,0.0051503079261994,0.0697481235008659,176.5,-0.0011318619128465,137.7,0.0633204633204631,7.36,-0.0999999999999996,81.63089752197266,-0.0073967071567833
2022-12-01,1424.4573974609375,-0.0775254135645521,-0.0397693429093893,0.005110310362953,-0.0826357239275051,175.7,-0.0045325779036827,145.9,0.0595497458242557,7.29,-0.0700000000000002,82.739501953125,0.0135806963393234
2023-01-01,1448.5888671875,0.0169408153375287,-0.0453725527560691,0.0054440229347076,0.0114967924028211,176.5,0.0045532157085943,147.4,0.0102810143934202,7.39,0.0999999999999996,81.57990264892578,-0.0140150626584164
2023-02-01,1404.9542236328125,-0.030122172372763,-0.0547668086039614,0.0049701614817563,-0.0350923338545193,176.8,0.001699716713881,139.3,-0.0549525101763906,7.33,-0.0599999999999996,82.6520004272461,0.0131416898465057
2023-03-01,1348.663330078125,-0.0400659983135501,0.0030386517578506,0.0056537009991704,-0.0457196993127205,177.2,0.0022624434389137,151.7,0.0890165111270637,7.36,0.0300000000000002,82.10050201416016,-0.0066725355736718
2023-04-01,1183.19140625,-0.1226932772158486,0.0408562292557935,0.0050536050801617,-0.1277468822960103,178.1,0.005079006772009,140.7,-0.0725115359261701,7.18,-0.1800000000000006,81.74539947509766,-0.0043252176338854
2023-05-01,1245.1016845703125,0.0523248208136759,0.0379941974598328,0.006010177493777,0.0463146433198989,179.1,0.0056148231330712,145.6,0.0348258706467661,7.01,-0.1699999999999999,82.68389892578125,0.0114807616906869
2023-06-01,1261.3466796875,0.0130471232337892,0.0426513748163162,0.0053907552775076,0.0076563679562816,181.0,0.010608598548297,143.9,-0.0116758241758241,7.05,0.04,82.07540130615234,-0.0073593242158924
2023-07-01,1297.635009765625,0.0287695133007488,0.0444179722213911,0.0055429105709146,0.0232266027298342,186.3,0.029281767955801,142.7,-0.0083391243919389,7.11,0.0600000000000005,82.25279998779297,0.0021614110783194
2023-08-01,1373.9693603515625,0.0588257483895451,0.0034110150147848,0.0055927989420922,0.0532329494474529,186.2,-0.0005367686527107,145.8,0.0217238962859147,7.18,0.0699999999999994,82.70040130615234,0.0054417760662957
2023-09-01,1373.9693603515625,0.0,0.0171298956992567,0.0052620683590394,-0.0052620683590394,184.1,-0.0112781954887217,142.3,-0.0240054869684499,7.17,-0.0099999999999997,83.19300079345703,0.0059564340622859
2023-10-01,1309.791015625,-0.0467101716956344,-0.0287249241285935,0.005853203088082,-0.0525633747837164,185.3,0.0065181966322651,144.9,0.0182712579058326,7.35,0.1799999999999997,83.29650115966797,0.0012440994461528
2023-11-01,1410.853759765625,0.0771594421820036,0.0733448572882101,0.0055229908032254,0.0716364513787782,186.3,0.0053966540744738,141.1,-0.0262249827467219,7.27,-0.08,83.3302993774414,0.0004057579526497
2023-12-01,1495.9324951171875,0.0603030149387673,0.0797098067799515,0.0053544649765695,0.0549485499621978,185.7,-0.0032206119162642,152.3,0.079376328844791,7.22,-0.0499999999999998,82.302001953125,-0.0123400183606537
2024-01-01,1610.3404541015625,0.0764793594348738,0.0402935244537839,0.0060965022157255,0.0703828572191483,185.5,-0.0010770059235325,153.6,0.0085357846355875,7.2,-0.0199999999999995,83.10970306396484,0.0098138695496114
2024-02-01,1622.94482421875,0.007827146169671,0.0162944719640312,0.0054084850928792,0.0024186610767917,185.8,0.0016172506738545,147.1,-0.0423177083333333,7.09,-0.1100000000000003,82.91190338134766,-0.0023799830263495
2024-03-01,1452.44775390625,-0.1050541384822331,-0.0080405648850585,0.0051320931142186,-0.1101862315964517,185.8,0.0,160.0,0.0876954452753229,7.07,-0.0199999999999995,83.39299774169922,0.0058024763722863
2024-04-01,1377.3070068359375,-0.0517338726079661,0.0384813307621013,0.0060527372879846,-0.0577866098959507,186.7,0.0048439181916037,148.0,-0.0749999999999999,7.15,0.08,83.45110321044922,0.0006967667588826
2024-05-01,1364.0726318359375,-0.0096088780020099,0.0123540397743294,0.0057215044564344,-0.0153303824584443,187.7,0.0053561863952864,154.7,0.04527027027027,7.05,-0.1000000000000005,83.3208999633789,-0.0015602339820716
2024-06-01,1527.6177978515625,0.1198947638114442,0.0662491055309481,0.0050828849935376,0.1148118788179066,190.2,0.0133191262653169,151.0,-0.0239172592113767,7.02,-0.0300000000000002,83.45089721679688,0.0015601998235148
2024-07-01,1821.58740234375,0.192436619228727,0.051276525375644,0.0059248493124599,0.1865117699162671,193.0,0.0147213459516299,149.8,-0.0079470198675496,7.01,-0.0099999999999997,83.73899841308594,0.0034523439039919
2024-08-01,1895.15283203125,0.04038534170408,0.0005739246087477,0.0052950350851925,0.0350903066188875,193.0,0.0,145.8,-0.0267022696929238,6.91,-0.0999999999999996,83.89510345458984,0.0018641856776675
2024-09-01,1828.75390625,-0.035036185292815,0.0103114380781841,0.0054717974162634,-0.0405079827090784,194.2,0.0062176165803107,146.9,0.0075445816186556,6.83,-0.08,83.71640014648438,-0.0021300803115666
2024-10-01,1713.3597412109375,-0.0630998871114851,-0.0771624524044011,0.0053416553281782,-0.0684415424396633,196.8,0.0133882595262617,150.3,0.0231449965963239,6.79,-0.04,84.08910369873047,0.0044519777677247
2024-11-01,1832.072509765625,0.0692865401814484,-0.0073213459528491,0.0049848155166825,0.0643017246647659,196.5,-0.0015243902439024,148.1,-0.014637391882901,6.82,0.0300000000000002,84.56189727783203,0.0056225308429431
2024-12-01,1853.9151611328125,0.0119223727504005,-0.0197055637304157,0.0055099282708179,0.0064124444795825,195.4,-0.0055979643765903,158.0,0.0668467251856854,6.78,-0.04,85.7865982055664,0.014482893207925
2025-01-01,1853.718017578125,-0.0001063390379563,-0.0504888560510388,0.0054364919921017,-0.005542831030058,193.4,-0.0102354145342886,161.6,0.0227848101265821,6.76,-0.0200000000000004,86.64700317382812,0.0100295965367454
2025-02-01,1664.2833251953125,-0.102191752244124,-0.112708413495234,0.0048187814688758,-0.1070105337129997,192.5,-0.0046535677352637,151.1,-0.0649752475247524,6.73,-0.0299999999999993,87.3270034790039,0.0078479379582416
2025-03-01,1548.857421875,-0.0693547195798327,0.070173209831359,0.0048309631615119,-0.0741856827413446,192.0,-0.0025974025974025,166.3,0.1005956320317671,6.68,-0.0500000000000007,85.53880310058594,-0.0204770610140986
